"id","firstname","lastname","email","salary","age"
"1","Janet","Fisher","Janet.Fisher@gmail.com","3","31"
"2","Doyle","Koepp","Doyle_Koepp@yahoo.com","0","17"
"3","Brandon","Heller","Brandon44@hotmail.com","3","39"
"4","Jeffrey","Tillman","Jeffrey.Tillman@hotmail.com","3","38"
"5","Karen","Durgan","Karen57@yahoo.com","2","80"
"6","Lucille","Bergstrom","Lucille_Bergstrom24@hotmail.com","-1","48"
"7","Maxine","Hayes","Maxine.Hayes76@hotmail.com","-2","6"
"8","Ronnie","Rogahn-Gusikowski","Ronnie_Rogahn-Gusikowski@hotmail.com","-5","40"
"9","Terry","Emmerich","Terry_Emmerich@yahoo.com","-2","46"
"10","Daisy","Crona-Breitenberg","Daisy.Crona-Breitenberg15@gmail.com","-5","75"